Time,Object_Name,X,Y,Z
1/25/2010,Orus,4.45021011,1.81897333,1.42473146
5/17/2010,Dinkinesh,-1.69099754,1.02907552,0.51336305
8/16/2011,399,0.80131811,-0.56430661,-0.24463365
7/11/2012,SUN,-0.00230531,-0.00188631,-0.00083965
4/27/2015,Apophis,0.36490191,-0.63481806,-0.2270736
6/18/2016,Annefrank,2.2035592,0.54759742,0.06239669
7/31/2016,Dinkinesh,-0.6106815,1.67771895,0.80506542
8/2/2016,Leucus,-1.15388714,-5.06098388,-2.0440798
