Time,Object_Name,X,Y,Z
1/25/2010,Orus,99,99,99
5/17/2010,Dinkinesh,-1.69099754,1.02907552,0.51336305
8/16/2011,399,0.80131811,-0.56430661,-0.24463365
7/11/2012,SUN,99,99,99
4/27/2015,Apophis,99,99,99
6/18/2016,Annefrank,99,99,99
7/31/2016,Dinkinesh,99,99,99
8/2/2016,Leucus,99,99,99
