Time,Object_Name,X,Y,Z
10/3/2005,90000855,4.2346494,-1.98703476,-0.94457207
1/15/2008,Itokawa,1.42410192,0.78048716,0.30642639
1/25/2010,Orus,99,99,99
5/17/2010,Dinkinesh,99,99,99
8/16/2011,399,99,99,99
7/11/2012,SUN,99,99,99
7/21/2012,90000855,4.7918763,-1.44250929,-0.75832137
2/27/2015,Braille,2.46966344,1.30383112,1.38384832
4/27/2015,Apophis,99,99,99
6/18/2016,Annefrank,99,99,99
7/31/2016,Dinkinesh,99,99,99
8/2/2016,Leucus,99,99,99
